Defaulter,Monthly_Income,Total_outstanding_loans
1,2640,83173.999786377
1,4290,52678.0014038086
0,2930,79033.0009460449
1,3850,78513.9999389648
1,3900,59125.9994506836
1,1100,30482.002258300796
1,2030,19289.001464843706
1,1760,44854.000091552705
1,1720,47353.000640869104
1,2480,24928.001403808594
1,1870,70225.9998321533
1,1960,65495.998382568396
1,2090,36195.99914550779
1,1790,26396.003723144502
1,3300,32345.00122070311
1,3200,19339.996337890596
1,3560,47818.000793457
1,3570,47818.000793457
1,2670,49465.999603271506
1,2170,68577.9991149902
1,3210,66991.00112915039
1,2460,62129.001617431604
1,2750,51626.99890136721
1,2580,52691.00189208979
1,3380,32214.99633789061
1,2660,18861.999511718706
1,1510,4540.0009155273
1,2870,-14417.999267577994
1,4070,-57628.997802734
1,1640,-51919.99816894499
1,3510,-7691.001892090004
1,4170,-5667.999267577994
1,3630,-5625.999450683987
0,2200,-7691.001892090004
0,4190,-7691.001892090004
1,3520,-25317.001342773
0,3080,-7691.001892090004
1,2260,-7691.001892090004
1,2510,-7691.001892090004
0,1050,-7691.001892090004
1,2250,-7691.001892090004
1,2090,45430.0003051758
1,4170,45430.0003051758
1,1330,45430.0003051758
1,2100,45430.0003051758
1,4220,45430.0003051758
0,2480,96381.99996948242
1,2520,41833.0001831055
1,530,27653.999328613296
1,3480,59681.999206543005
1,3200,32780.9982299805
0,4490,986.9995117187063
1,4360,-15913.002014159996
1,3990,28200.996398925796
1,4260,-41535.995483398
1,3190,15353.996276855498
1,2310,34068.000793457
1,150,32059.997558593706
1,1820,35302.001953125
1,-60,37365.0016784668
1,2310,52090.999603271506
1,4430,75996.9997406006
1,450,82017.9996490479
0,1090,88852.9996871948
1,4110,60022.998809814504
0,4000,30869.003295898394
1,4050,62347.0001220703
1,1450,67929.00085449219
1,480,80916.0003662109
1,240,76087.9993438721
1,3010,71440.0005340576
0,2150,78034.9998474121
0,4190,8992.996215820298
1,2150,73486.99951171869
1,2820,76676.0005950928
1,770,68408.0009460449
1,3080,68676.0005950928
1,3370,61151.0009765625
1,-450,90873.99959564209
0,3430,80618.0000305176
1,3060,87538.9995574951
1,3420,85062.9997253418
1,4330,86781.0001373291
1,3600,93170.00007629395
0,3820,69593.9998626709
0,4230,81448.9994049072
0,4230,75170.9995269775
1,3560,71329.0004730225
0,4230,79128.99971008301
1,4230,79879.9991607666
0,4270,86505.9995651245
1,3100,80808.0005645752
0,4280,71354.0000915527
0,4120,83833.9996337891
0,3960,72572.00050354
0,3790,84161.00025177
1,3560,85581.9997787476
0,4360,70722.0001220703
0,4200,56055.9997558594
1,3070,79770.0004577637
0,4440,49908.0009460449
0,3680,33120.002746582
0,4480,30517.997741699204
0,3810,51291.9998168945
0,3820,77364.0003204346
0,3740,89876.9998550415
0,4120,57172.0008850098
0,1840,78910.9992980957
0,2880,52465.999603271506
1,4240,84288.0001068115
0,4440,87814.9995803833
0,4380,76440.9999847412
1,3970,98151.99995040894
0,4220,9079.002380371094
0,3980,6171.9970703125
0,4350,17893.997192382798
1,2710,53043.9987182617
1,3400,75790.0009155273
1,4180,56709.99908447271
1,3560,74853.0006408691
1,4030,85395.9999084473
0,4110,98598.99997711182
1,3610,91789.99996185303
1,4170,81131.9999694824
1,4430,76599.0009307861
1,3530,81468.0004119873
1,3890,63713.0012512207
1,2620,59501.9989013672
0,1030,9429.000854492202
1,1490,-15157.997131347991
0,1310,-12762.001037597991
1,2050,6569.000244140581
0,1790,2782.9971313477
1,1350,11654.998779296919
1,580,58895.9999084473
1,880,53759.9983215332
1,1380,34646.0037231445
1,1200,56264.9993896484
1,540,38429.00085449221
1,960,21584.9990844727
1,1680,36498.00109863279
0,2930,30731.002807617202
1,3570,42070.99914550779
1,2700,14612.9989624023
1,3590,-10609.001159668012
1,2660,-11489.997863770011
1,3500,-76197.00622558602
0,3560,-72108.001708984
0,3460,-77802.99377441398
1,3650,77329.0004730225
1,4460,72118.9994812012
1,3830,80739.9997711182
0,3980,75500
1,3890,93367.00010299683
0,4480,92959.00011062622
0,4440,69686.0008239746
1,4390,78020.9999084473
1,2830,89541.9998168945
0,4390,25000.999450683594
1,4040,18028.999328613296
1,4060,7823.997497558594
1,4070,-6608.001708983997
0,3980,-3060.997009277009
0,3760,13394.996643066406
0,3580,-10561.996459960996
0,3690,-22325.996398926
0,4170,-22018.997192383
0,2360,42367.000579834006
0,3160,60403.999328613296
0,2520,60484.001159668005
0,3730,78444.9996948242
0,4310,48251.99890136721
1,4390,86479.0000915527
0,4110,68545.9995269775
1,4250,10569.000244140581
0,4190,80736.0000610352
0,3190,46637.00103759771
0,3750,69871.000289917
1,3880,72863.000869751
1,4290,71288.0001068115
1,2840,79360.0006103516
1,3300,63250
1,3160,50319.9996948242
0,3740,-2710.9985351560026
0,2470,-8615.997314452994
0,2050,3564.0029907227
0,4380,-861.0000610349962
1,1990,-37899.993896484
0,2440,-24670.997619629008
1,3030,-51065.99426269499
0,3800,-21575.996398926
0,4110,67150.0015258789
0,4480,91453.00006866455
1,2510,72025.9990692139
1,3750,70541.9998168945
0,3870,80340.00015258789
1,3870,52291.0003662109
1,4480,28476.997375488296
1,4120,32823.99749755861
0,1520,30032.9971313477
0,4440,16428.001403808594
0,3650,28574.996948242202
1,3330,28574.996948242202
0,3080,28574.996948242202
0,2590,-90287.994384766
0,2640,-86304.99267578099
0,2590,-118300.00305175802
1,3540,46456.0012817383
1,3000,36397.998809814504
1,3680,32507.003784179702
1,3250,33263.9999389648
1,3160,52004.001617431604
0,3280,45583.9996337891
0,3230,5277.000427245992
1,2230,29225.997924804702
1,4270,88751.0004043579
1,4310,95119.99988555908
0,4420,81857.0003509521
1,4480,84220.9997177124
1,4380,99613.00000548363
1,1670,85034.9998474121
0,4490,75322.9999542236
0,3740,82493.0000305176
1,4400,77118.0000305176
1,4410,93203.9999961853
1,4340,91003.999710083
1,4260,97591.00008010864
1,4290,90694.00024414062
1,4140,78003.999710083
0,4490,85923.0003356934
1,4420,70350.9998321533
0,4450,88623.0001449585
1,3740,70458.9996337891
0,4480,66632.999420166
0,4170,73284.9998474121
0,4430,78881.9999694824
0,4470,28517.997741699204
0,4330,28362.9989624023
1,1500,76169.0006256104
1,2200,94271.99983596802
1,4230,84185.0004196167
1,4260,67412.99819946289
1,4230,59868.99948120121
1,3420,50361.9995117187
1,4200,75113.000869751
0,4450,52328.9985656738
1,4100,43409.000396728494
0,4480,25883.003234863296
1,2410,18151.0009765625
1,3730,13905.998229980512
0,4030,28194.000244140596
0,3530,38255.001068115205
0,3970,74954.9999237061
0,4070,80070.9991455078
0,4210,49881.0005187988
0,4340,46183.99810791021
0,4150,66497.00164794919
0,4070,41644.0010070801
0,3580,82045.9995269775
0,4250,71972.99957275389
0,3540,68332.0007324219
0,3840,65562.9997253418
0,3830,49048.000335693396
1,4170,39247.0016479492
1,3760,25123.001098632798
1,1920,42040.00091552729
1,1410,38375.9994506836
1,3040,23933.9981079102
1,3330,-5866.99676513701
0,3310,-12675.003051758002
0,2290,-97134.99450683602
0,3730,-204096.98486328096
0,3570,-239531.005859375
0,4000,29728.996276855498
0,4480,7255.996704101606
0,4350,44078.9985656738
0,4300,49171.0014343262
0,4490,62398.998260497996
0,3980,82069.0002441406
1,2950,88182.99961090091
1,4230,81202.9991149902
1,3800,82424.9992370605
1,4380,77556.999206543
1,3690,72974.0009307861
1,3210,82860.0006103516
1,4440,74545.9995269775
1,4230,54423.999786377004
1,4340,47238.9984130859
1,3900,69458.9996337891
1,4180,83600.9998321533
1,2780,70680.9997558594
1,2180,63938.9991760254
0,4360,77392.9996490479
1,3740,72858.9992523193
1,3470,90553.00045013428
1,3200,83302.99949646
1,3760,49522.998809814504
0,4070,90776.00002288818
1,4460,93068.99976730347
1,4180,72708.0001831055
1,4390,74704.9999237061
0,4290,47287.9981994629
1,4190,48270.999908447295
1,4350,31428.00140380861
1,4320,76320.9991455078
1,3740,54798.000335693396
1,4080,90831.00032806396
1,3750,83628.99971008301
1,3840,80583.0001831055
1,4240,42207.0007324219
1,3800,56728.000640869104
0,4100,80159.99984741211
1,4480,94820.00017166138
1,4470,57314.998626709
0,4360,94837.99982070923
1,3040,61035.9992980957
1,4410,41902.0004272461
1,3520,38409.9998474121
1,3220,67405.9982299805
1,3590,69836.0004425049
1,3500,81478.0006408691
1,3140,75225.0003814697
1,3400,64563.9991760254
1,4300,68659.0003967285
0,4490,84428.9999008179
1,2520,72826.9996643066
1,4370,50965.999603271506
1,3930,-35320.00732421901
0,4290,62222.0001220703
1,3880,96220.99995613098
0,4470,50831.0012817383
0,4420,49276.0009765625
1,3690,73783.0009460449
1,3510,79086.0004425049
1,4140,96687.99996376038
1,4360,64284.9998474121
1,3560,47708.0001831055
0,3480,39854.000091552705
1,3730,55539.0014648437
0,2830,29977.99682617189
0,3270,4192.001342773394
1,3070,-21763.999938965004
1,2800,-27566.001892090004
1,3400,-20152.999877929993
1,3350,33785.00366210939
0,4190,45027.0004272461
0,3140,26785.003662109404
0,3070,66633.99887084961
1,3100,12685.9970092773
0,940.0000000000005,4691.0018920898
1,969.9999999999995,-28095.00122070298
1,3440,-9777.000427245992
0,2470,-38578.994750977
0,1590,-62264.007568359
0,2790,-55785.995483398
0,2080,-5651.000976562995
0,2940,6038.0020141602
1,1110,27898.002624511704
1,2120,44451.000213622996
0,3610,50304.00085449221
1,2930,54488.9984130859
0,3540,49417.9992675781
1,3490,18793.998718261704
0,1770,4228.996276855512
1,790,23491.996765136704
1,2510,43361.9995117187
1,4220,61018.0015563965
1,2680,69163.0001068115
1,3570,39280.9982299805
1,3290,70399.0001678467
1,3010,22864.997863769502
1,2520,4900.001525879008
1,710,49606.998443603494
1,1120,50278.9993286133
1,1960,27470.001220703096
1,1640,74322.9999542236
1,1560,91975.99983215332
0,3620,36320.99914550779
0,3100,46685.001373290994
1,2210,54021.999359130896
1,1270,30382.003784179702
1,2960,27782.9971313477
1,2910,44448.001861572295
1,2370,18621.002197265596
1,1700,18867.996215820298
1,1750,48291.0003662109
1,3470,44221.0006713867
1,2400,73027.00042724611
1,3000,71784.9998474121
1,2180,28039.001464843706
1,2440,24473.9990234375
0,1380,54930.0003051758
1,-250,19319.999694824204
1,3410,3059.9975585937063
1,2790,-15327.003479004008
1,2580,-8546.997070312995
1,2640,13063.003540039004
1,3780,5858.001708984419
1,1070,18103.996276855498
0,70,45040.00091552729
1,3090,53389.9993896484
1,2670,31926.00250244139
1,2820,-2398.00262451201
1,230,-7369.003295898001
1,1210,15115.997314453096
1,1520,15109.001159667998
0,1980,41317.0013427734
1,2290,31685.9970092773
1,2660,61219.001770019495
1,1850,18241.996765136704
1,2440,-2953.0029296879948
1,1660,-7480.003356933987
1,2680,-20094.00177002001
1,1380,-35000
1,3980,28226.997375488296
1,1740,66803.0014038086
1,3390,52987.99896240229
1,3840,39638.0004882812
0,3990,-28848.99902343798
0,4330,-44070.999145508016
0,1830,-10425.003051758002
0,2560,-13009.002685547006
0,2740,21024.002075195298
1,3350,47069.9996948242
1,1140,85994.9998855591
1,1680,81523.0007171631
1,1810,38042.9992675781
1,1580,33935.9970092773
1,3340,39687.9997253418
1,1650,25079.002380371094
1,1910,26161.003112792998
1,1410,38827.999114990205
1,1120,89190.9999847412
1,2060,34097.0001220703
1,4050,65472.000122070305
1,2400,36090.999603271506
1,1760,25151.0009765625
1,1680,18444.999694824204
1,1740,33563.00354003899
1,1730,39541.0003662109
1,1600,56514.9993896484
1,2090,-16441.001892090004
1,3520,15125.999450683594
1,650,37708.0001831055
1,3130,29897.00317382811
1,1990,39438.9991760254
0,1950,54787.9981994629
1,2380,50301.998138427705
1,1740,67550.99868774411
1,3080,52980.9989929199
1,1560,37381.0005187988
1,2430,69820.9991455078
1,2030,52353.000640869104
0,2050,47901.0009765625
1,2720,4926.002502441406
1,1830,19296.9970703125
1,1310,19572.998046875
0,1920,18416.999816894502
1,2140,52660.9992980957
0,3050,55049.999237060496
1,3220,70285.9992980957
0,2800,54445.99914550779
1,3290,68444.9996948242
0,1140,41776.0009765625
1,1550,59165.00091552729
1,1030,52153.9993286133
1,3610,90227.00023651123
0,190,-85205.00183105501
1,2920,17375
0,2510,-12705.001831054993
0,3170,1971.0006713867042
0,3760,-12143.997192383002
0,3620,-33436.00463867202
0,3460,-63552.001953125
0,4470,81853.0006408691
0,4100,72754.9991607666
0,2960,84111.0000610352
1,4390,94783.99991989136
0,4450,88725.9998321533
0,4480,90779.99973297119
0,4230,76323.9994049072
0,4330,76323.9994049072
0,4330,64497.001647949204
0,4360,68889.9993896484
0,4430,75565.0005340576
1,4240,75565.0005340576
1,4250,75565.0005340576
1,4100,75565.0005340576
0,4380,75565.0005340576
1,2740,76482.0003509521
1,3770,69864.0003204346
0,3790,71613.000869751
1,2670,93863.99984359741
0,3800,93863.99984359741
1,2620,75565.0005340576
1,2180,75565.0005340576
0,1710,93863.99984359741
0,3480,93863.99984359741
0,4460,44216.9990539551
0,4140,88392.0001983643
1,2700,80287.0006561279
1,3330,75825.0007629395
0,2700,96285.00008583069
1,4140,69169.0006256104
0,4470,87435.9998703003
0,3370,87435.9998703003
0,2950,87435.9998703003
0,3290,41348.9990234375
0,4460,54856.998443603494
1,3530,93671.99993133545
1,4270,93671.99993133545
1,4390,93671.99993133545
1,4410,93671.99993133545
1,4140,75867.000579834
0,1470,5652.999877929702
0,1320,23513.9999389648
0,4070,42772.998809814504
0,4420,54389.9993896484
1,3780,56618.0000305176
0,3760,93671.0000038147
0,4410,76900.9990692139
0,3330,83642.0001983643
0,3840,74288.9995574951
0,3900,52512.00103759771
0,4280,96592.99993515015
0,3990,94642.00019836426
0,3920,37498.00109863279
0,3970,72129.9991607666
1,4420,51765.998840332
0,4490,68218.0004119873
1,4360,96747.99990653992
1,2620,96747.99990653992
0,3470,96747.99990653992
1,2280,96747.99990653992
1,1160,96747.99990653992
0,4080,96747.99990653992
0,4360,96747.99990653992
0,4440,86333.0001831055
1,4440,78826.000213623
0,1450,87220.9997177124
0,4450,49633.9988708496
1,4420,70500.99945068361
0,4430,65691.0018920898
0,4470,95125
1,4360,84208.9996337891
0,4440,83864.9997711182
0,4290,92821.00009918213
0,4250,79795.9995269775
0,4310,78736.0000610352
0,4180,67202.9991149902
0,4070,72048.999786377
0,4480,66422.0008850098
1,4430,85194.9996948242
0,4310,88805.0003051758
0,4490,89795.9995269775
1,4180,78850.0003814697
1,4300,84171.9999313354
1,4040,91432.99961090088
1,4470,85229.0000915527
0,4280,61159.9998474121
0,4320,66791.9998168945
0,4190,92467.99993515015
0,4300,61271.999359130896
1,3960,95877.99978256226
1,2280,75568.000793457
1,3760,75641.0007476807
1,4400,91803.99990081787
1,4290,96092.0000076294
0,2340,90994.00043487549
1,3500,77778.9993286133
1,3170,81660.9992980957
1,4490,85859.9996566772
0,4050,80603.0006408691
0,4390,74992.000579834
0,3870,67873.00109863281
1,1740,81583.9996337891
1,3830,83363.000869751
1,4320,77045.0000762939
1,4480,84704.9999237061
1,4340,76635.9996795654
0,4490,52973.9990234375
0,3790,63891.9982910156
0,4410,13021.003723144488
1,4010,61096.000671386704
1,4340,80676.0005950928
0,4490,98353.99997234344
1,3850,81406.9995880127
0,4320,79948.9994049072
0,4470,88170.0000762939
0,4370,66695.99914550781
1,2950,91979.00009155273
0,4270,80184.0000152588
0,4090,78732.0003509521
0,4180,82507.999420166
0,4330,70285.9992980957
1,4150,74214.0007019043
0,4190,76104.9995422363
0,4410,88418.999671936
0,4350,73149.9996185303
0,4470,86421.9999313354
0,4420,74299.9992370605
0,4440,87930.0003051758
0,4050,92306.00023269653
0,4390,77844.9993133545
0,4280,91171.99993133545
1,4300,80356.0009002686
0,4420,63606.9984436035
0,3970,60941.00189208979
1,4330,48109.001159668
1,4430,69447.9999542236
0,4150,65694.99969482419
1,4280,59606.9984436035
1,4220,83187.0002746582
0,4480,73802.0000457764
0,4460,88300.0001907349
0,4390,48534.000396728494
1,3900,-31770.99609375
1,3930,-19158.996582031003
1,4350,-28785.995483398015
1,3750,-1017.9977416990005
1,3810,85.99853515620634
0,3790,9541.999816894488
1,4240,20804.000854492202
0,4100,34040.0009155273
1,3850,19106.002807617202
0,4420,49470.0012207031
1,2050,75975.0003814697
1,2290,18016.998291015596
0,4040,28918.998718261704
1,2660,16565.002441406206
1,2630,15696.998596191406
1,3660,91486.00006103516
1,1840,-22855.003356933987
0,3600,76930.0003051758
1,1820,-14658.996582031003
0,2050,-26319.000244141003
0,1730,-36210.006713866984
0,3070,-55419.99816894499
0,2140,-78755.996704102
0,2720,41352.001190185496
1,2930,86125
1,1500,74117.000579834
1,460,69319.0002441406
1,1080,63937.0002746582
1,3350,71815.9999847412
1,2930,52168.9987182617
1,2030,74200.0007629395
1,1090,50852.001190185496
1,1710,51790.00091552729
1,2390,64497.001647949204
1,2370,61588.0012512207
1,3460,33697.998046875
1,2390,45316.00189208979
1,4100,81981.0009002686
1,2560,55846.0006713867
1,2280,52585.9985351562
1,1140,66575.00076293951
1,3740,44423.000335693396
1,1020,66883.99887084961
1,2780,88550.9996414185
0,2720,71260.9996795654
1,3380,76764.9993896484
1,3920,72899.9996185303
1,3220,76166.0003662109
1,4400,74330.9993743896
1,4370,85833.9996337891
1,2900,71520.0004577637
1,2940,83034.9998474121
1,2020,74386.999130249
1,2880,64110.0006103516
1,3290,86701.000213623
1,2560,74340.0001525879
1,2410,70978.0006408691
0,3080,68370.0008392334
1,3080,76055.0003051758
1,4170,44167.9992675781
1,3240,49549.999237060496
1,3160,42563.9991760254
1,2860,10733.001708984419
1,2520,-22836.997985840004
0,3300,-44634.994506835996
1,1670,-66294.00634765599
0,3220,-57240.005493164004
1,2850,-51139.007568359
1,3640,-57932.998657227
1,3050,-65998.00109863302
1,580,-88102.00500488302
1,3610,-74514.999389648
1,4380,34300.0030517578
1,3370,38875
0,4140,74753.0002593994
0,4080,97760.99991798401
0,4490,74461.9998931885
0,3040,90597.9995727539
0,4090,72805.9997558594
1,4400,74096.0006713867
1,4270,81985.0006103516
1,4370,90939.00012969969
0,1530,69489.9997711182
1,3810,48726.001739502004
1,3690,64108.0017089844
1,4100,57450.000762939504
1,2610,69884.0007781982
1,2690,72139.9993896484
1,3790,54486.00006103521
1,3940,57464.0007019043
1,2830,51395.999908447295
1,3180,56268.001556396506
1,3490,68910.9992980957
1,3400,64657.00149536129
1,4150,67898.99826049799
1,3560,69555.0003051758
1,3360,56923.000335693396
1,4320,71632.999420166
1,3320,71257.999420166
1,3360,76868.9994812012
1,4290,84994.9998855591
1,3690,54935.001373290994
1,3850,48375
1,3970,91446.99954986572
1,2750,91282.9999923706
1,3580,95353.00016403198
0,4380,79936.00082397461
1,1960,81783.0009460449
1,3610,67596.00067138669
0,4480,51609.001159668
0,3930,76351.9992828369
0,4470,55416.0003662109
1,4130,78038.9995574951
0,3780,78038.9995574951
0,4090,85996.9997406006
0,4350,65506.0005187988
0,2810,32760.002136230498
0,2550,29461.9979858398
1,3290,8016.998291015581
1,2110,64421.00143432621
1,2270,64421.00143432621
1,3450,95585.99996566772
1,3720,28592.0028686523
1,3660,24766.998291015596
1,2990,4819.000244140581
0,2710,-2113.9984130859957
0,2410,-14486.999511718997
1,1660,-13726.99737548799
1,2240,-23794.998168945007
1,2490,-13424.003601074
1,2580,-43070.999145508016
0,1490,-52518.997192383016
1,1810,-42869.003295898
1,2420,-34600.006103516
1,2820,-26942.001342773
1,490,-18816.001892090004
1,1710,-10699.996948241998
1,1690,10809.997558593706
0,2020,20324.996948242202
1,3930,-32945.999145508016
0,2370,-25524.002075195007
0,3710,-15388.999938965004
1,1620,978.9962768555124
1,4170,-17010.00213622999
1,2440,24393.997192382798
0,4440,30217.0028686523
0,3410,47818.000793457
0,2130,-34098.999023437995
0,3890,4532.9971313477
0,3910,35001.9989013672
0,2110,56402.0004272461
0,4330,66291.00036621091
0,3920,79990.9992218018
0,3290,77379.9991607666
0,2170,-6488.998413085996
1,2410,-37815.99426269499
1,2800,-55507.99560546901
1,2960,-52160.995483398
0,3220,-102134.00268554699
0,3060,-70427.993774414
0,3640,-20763.999938965004
1,1750,-31179.000854491984
0,3620,27640.998840332002
1,3490,49416.9998168945
0,4160,24630.99670410159
0,4020,20639.99938964841
0,4100,6414.001464843706
0,3680,19816.0018920898
0,3410,17329.002380371094
0,1930,29222.000122070298
0,4150,65490.001678466804
0,3710,43265.998840332
0,2470,50379.001617431604
0,3470,26095.001220703096
0,3250,31219.001770019502
0,3890,47070.99914550779
1,1730,-34875
0,2570,-50192.993164062995
0,3430,-38024.00207519499
0,2780,-19652.999877929993
0,2050,-12577.003479004008
0,3410,82582.0007324219
0,2460,71287.0006561279
0,3940,61776.0009765625
1,4210,60324.001312255896
1,2590,86734.0002059937
0,3770,80909.0003967285
0,3210,80256.0005187988
0,2440,22560.9970092773
1,2400,-32369.995117187995
0,1990,32926.00250244139
0,2120,61147.998809814504
0,2300,83218.9998626709
0,1340,71236.99951171869
0,4070,85756.9999694824
0,3830,67043.99871826169
0,540,61046.00143432621
0,2890,32615.99731445311
0,1830,17197.998046875
0,1350,-4232.0022583009995
0,3200,45847.00012207029
0,-600,46786.9987487793
0,820,68334.9990844727
1,220,54055.9997558594
1,929.9999999999995,62613.9984130859
1,260,85373.0001449585
1,190,72399.0001678467
1,350,64116.0011291504
1,3470,47807.9986572266
1,2300,68378.999710083
1,1110,17617.996215820298
0,1560,2597.000122070298
0,2260,-24050.003051758
0,1790,-26800.003051758
1,1830,-17899.002075195007
0,3710,-15013.000488281003
0,-810,90628.00025939941
1,170,49402.99987792971
1,520,82667.9992675781
1,800,67575.00076293951
1,3070,37805.0003051758
1,4170,-8349.998474120992
1,1140,32883.003234863296
1,610,33501.9989013672
1,1430,47208.0001831055
0,1680,27902.000427246094
1,1930,7011.001586914004
1,929.9999999999995,27622.001647949204
1,1370,-11593.002319335996
1,1610,-12913.002014159996
1,2390,15295.997619628906
1,3710,32211.9979858398
1,3030,3203.0029296875
1,1690,18485.00061035159
1,1320,5361.0000610352
1,950,3517.997741699204
0,1770,24887.0010375977
1,360,42787.9981994629
1,490,49743.9994812012
0,3680,68899.9996185303
1,4290,81962.9993438721
1,3820,87977.9996871948
0,4420,77135.0002288818
1,3560,61610.0006103516
1,4440,80739.9997711182
1,4010,78627.0008087158
0,3520,92142.00019836426
0,3540,64835.9985351562
1,3380,36993.9994812012
0,3280,27775.001525878906
0,3680,25339.996337890596
0,4000,41603.000640869104
1,4260,49181.999206543
1,3930,58609.001159668005
1,3900,60453.99856567379
1,4390,69417.9992675781
1,4070,74271.9993591309
1,3700,73395.0004577637
1,4300,83420.9995269775
0,3730,80945.9991455078
1,4360,89418.999671936
0,4360,80422.0008850098
1,4270,89060.9998703003
0,4460,90576.99966430664
1,4390,81062.9997253418
1,4140,76197.9999542236
0,3950,84289.999961853
1,3770,67001.99890136719
0,4330,67800.99868774411
1,4340,-2055.9997558589967
0,4430,87149.9996185303
0,4450,78097.99957275389
1,2660,58666.0003662109
1,3690,57689.998626709
1,4130,60488.9984130859
1,4290,83367.000579834
1,4340,75051.0005950928
0,3530,57909.9998474121
0,4120,51073.001861572295
1,4140,85477.9996871948
1,4180,50354.9995422363
0,4310,43178.0014038086
0,4390,84399.0001678467
0,3990,56972.9995727539
1,3500,56492.000579834006
1,3810,21278.999328613296
1,3440,47265.998840332
1,3610,51442.0013427734
1,4360,78107.9998016357
1,4400,75934.0000152588
1,4180,73573.9994049072
1,3810,43375.9994506836
1,4070,64924.999237060496
1,3900,70422.0008850098
0,3530,78659.99984741211
1,3420,78990.9992218018
1,2960,92061.99979782104
0,4460,64839.000701904304
1,4280,89939.00012969969
1,4310,53743.9994812012
0,3590,51395.0004577637
0,4150,75621.9997406006
0,3680,72408.0009460449
0,3110,56469.0017700195
0,3490,8355.003356933594
1,3140,7132.003784179702
1,-1760,29098.9990234375
1,1810,32503.99780273439
1,-1320,72593.0004119873
1,2600,42840.999603271506
1,4120,80381.0005187988
0,4460,88699.0003585815
1,4200,58484.001159668005
0,4260,86883.0003738403
1,800,73166.9998168945
1,3570,76627.0008087158
1,2310,97105.00001907349
0,4260,95406.0001373291
1,4370,57779.9987792969
1,4170,39636.0015869141
0,3880,30845.00122070311
1,3840,40340.999603271506
0,4070,42712.0018005371
1,3780,43743.9994812012
0,3910,83219.99931335449
0,3330,65909.99984741211
1,3910,66832.0007324219
1,4030,87994.0004348755
0,3750,48485.0006103516
1,3340,39706.0012817383
0,3850,72188.9991760254
1,3850,55080.00183105471
0,3790,44847.00012207029
1,3360,33742.9962158203
0,3260,48837.0018005371
0,3920,50480.9989929199
0,3910,80863.000869751
0,2730,66005.0010681152
0,3540,65932.99865722659
0,3650,54592.9985046387
1,1350,23696.998596191406
0,3820,44412.9981994629
0,4460,20302.001953125
0,3990,7986.0000610352
1,3500,23352.996826171904
1,3370,21132.003784179702
1,4240,37673.999786377004
1,4330,45943.000793457
1,3860,83002.0008087158
0,4270,96619.99988555908
1,3400,49283.0009460449
1,2700,77673.999786377
0,4390,40074.001312255896
1,4350,-62921.005249023
0,4340,-63680.999755859
0,4490,66255.0010681152
0,4350,27135.002136230498
0,1580,-53356.99462890599
0,2180,-113714.996337891
0,3680,1010.0021362305124
0,3110,6829.002380371094
0,3630,14611.0000610352
0,3620,29351.997375488296
0,2610,49430.9997558594
0,4180,71003.0002593994
0,4390,15315.002441406206
0,2030,24973.9990234375
0,3890,88762.0000839233
0,3460,3591.0034179687063
0,3810,-3411.0031127930124
0,2630,50701.999664306604
0,2460,59425.998687744104
0,4360,9450.996398925796
0,3050,-14900.001525879008
0,3150,15248.001098632798
0,3700,11781.997680664004
1,4220,57430.9997558594
1,3120,60207.0007324219
1,3890,96607.00011253357
0,4250,89666.9998168945
1,3820,84404.0002822876
0,4410,67544.99816894531
1,4210,76620.0008392334
1,3760,73513.00048828119
1,4030,79281.9995880127
1,4270,91350.99983215332
1,4180,75205.9993743896
0,4250,82409.9998474121
0,3950,57483.0017089844
0,4470,72267.0001983643
1,4450,88543.999671936
0,4170,76618.9994812012
1,4490,67512.0010375977
1,4260,68784.9998474121
1,4250,87758.9998245239
0,4350,64521.999359130896
1,3960,60458.9996337891
1,3530,59955.0018310547
0,3930,97891.00003242493
1,2890,76891.0007476807
0,3500,92630.00011444092
0,3200,83313.9991760254
1,3200,74028.9993286133
1,2350,92236.99998855591
1,3100,91032.9999923706
0,3290,86427.0000457764
0,2560,54466.9990539551
1,4480,67469.0017700195
1,4010,59051.9981384277
1,4070,41254.001617431604
0,4050,44889.9993896484
0,3440,73277.9998779297
0,3520,80843.0004119873
1,3470,83767.9996490479
1,3520,76160.9992980957
1,3940,42659.000396728494
0,3970,46187.9997253418
0,4330,81134.0007781982
0,4420,73517.9996490479
1,4330,72070.9991455078
0,4440,72587.9993438721
1,4310,66569.99969482419
1,4170,51666.0003662109
1,3890,38592.9985046387
0,4370,40358.0017089844
1,3780,65717.9985046387
1,4020,61215.0001525879
1,3960,64250.9994506836
1,4060,58410.9992980957
0,2840,94639.9998664856
1,4070,75499.00054931639
0,4470,76208.0001831055
1,4020,70284.0003967285
0,4250,72000
1,4400,54972.00012207029
1,3530,51227.001190185496
1,2590,56441.00189208979
1,4250,21467.0028686523
0,3980,15607.002258300796
0,3720,11581.001281738296
0,3840,-24914.001464843997
0,3540,-50210.99853515599
0,3660,-10517.997741699
1,3000,20683.9981079102
1,3850,58026.0009765625
1,3910,40205.00183105471
1,3620,-2739.9978637700115
1,3010,8626.998901367202
1,2790,-34421.005249023
1,3330,-52891.006469727
0,3510,50455.00183105471
0,3760,60930.9997558594
1,3430,-11248.001098633002
1,4250,30610.000610351606
1,3810,71117.000579834
0,3610,88791.0003662109
1,4020,63651.0009765625
1,3870,69790.0009155273
1,4280,67900.0015258789
1,4050,82003.0002593994
1,3490,70465.9996032715
1,3650,82846.0006713867
1,3580,87597.0001220703
0,3570,61854.0000915527
0,4250,77261.999130249
0,4020,89602.9996871948
1,4280,94728.00016403198
1,3110,79486.0000610352
0,3280,63993.0000305176
0,3080,70559.0000152588
0,4450,82361.0000610352
0,4470,67493.9994812012
1,3710,64331.001281738296
1,4240,64331.001281738296
0,4470,60044.9981689453
1,4300,39520.999908447295
0,4380,15248.001098632798
0,4310,39249.0005493164
1,4020,75492.000579834
1,4070,67008.99887084961
0,3770,82740.9992218018
0,4060,91475.99983215332
1,3950,45806.999206543
0,4150,67712.00180053711
0,4180,63431.999206543005
0,4280,50238.9984130859
0,4390,58902.0004272461
0,4280,87895.9999084473
1,3860,33545.99761962889
0,4310,62304.0008544922
0,3980,77674.9992370605
1,4380,56046.0014343262
0,4430,78030.0006866455
0,4480,75951.9996643066
0,4480,78854.0000915527
0,4490,86036.00025177
0,4350,77716.9990539551
0,4320,88939.0001296997
0,1270,-73871.99401855501
0,3860,10772.003173828081
1,3650,83356.0009002686
0,4000,94539.00003433228
0,3220,76826.9996643066
0,4250,83843.9998626709
0,4340,77591.9990539551
0,4370,85784.0003967285
1,3820,63946.9985961914
1,3950,88493.0000305176
0,3570,91713.00029754639
0,4190,87774.0001678467
0,3750,64549.999237060496
0,4040,89970.0002670288
0,4470,81066.9994354248
0,4290,88984.9996566772
0,3220,86805.0003051758
0,3680,65277.999877929695
0,4440,75305.0003051758
1,3790,60127.998352050796
1,3560,66847.9995727539
1,3370,73260.0002288818
0,4130,93144.00005340576
1,4440,65030.998229980505
1,3080,89602.0002365112
0,4090,61068.000793456995
1,3660,66094.0017700195
1,3570,72974.0009307861
0,4000,54313.9991760254
1,4350,91722.9995727539
0,3510,87402.0004272461
1,4290,71774.9996185303
1,3970,60066.00189208979
0,3950,92757.99989700317
1,4110,59929.0008544922
1,1970,42895.0004577637
1,230,61117.000579834
1,3900,40481.998443603494
1,3630,59455.0018310547
1,3590,78704.0004730225
1,3730,66561.00082397461
1,4070,65497.0016479492
1,4090,83771.9993591309
1,3960,48261.0015869141
1,3460,58345.0012207031
1,4080,51987.99896240229
1,3360,59762.00103759771
1,3570,68666.0003662109
1,4150,83055.9997558594
1,4290,82041.0003662109
1,4040,82232.9998016357
1,4250,77320.9991455078
1,3710,67034.0003967285
1,4130,78061.0008239746
1,4420,62691.00189208979
1,4270,85585.000038147
1,3200,82815.9999847412
1,3180,36437.9997253418
1,3340,37040.00091552729
1,4120,53472.9995727539
0,3770,60219.001770019495
1,3290,70788.0001068115
1,4130,74583.9996337891
1,4240,78579.0004730225
0,2990,64780.998229980505
1,3260,59215.0001525879
0,3220,53027.99987792971
0,3260,16095.001220703096
0,2780,64819.9996948242
0,3710,-56018.00537109401
0,2130,-16516.998291016003
0,3290,-11880.996704101999
1,2790,-14776.000976562995
1,2420,-19876.998901367
1,3310,-50330.99365234401
1,4300,38784.000396728494
1,3550,55244.998931884795
1,3800,65257.999420166
1,3780,41464.0007019043
0,3640,50208.9996337891
1,3880,42558.99810791021
1,4120,83966.9990539551
1,3360,80576.9996643066
1,3630,84701.9996643066
1,3990,91859.99965667725
0,4380,65041.999816894495
1,3860,58463.0012512207
0,3310,49604.9995422363
1,2620,50237.99896240229
1,3490,67750.9994506836
1,3720,76732.9998016357
0,3600,65707.0007324219
0,3800,49167.9992675781
0,3860,53590.999603271506
0,2920,68277.00042724611
0,3300,82115.9992218018
1,3930,79302.0000457764
0,3810,74205.9993743896
1,3680,57687.9997253418
1,2990,56263.0004882812
0,2120,61254.001617431604
1,3760,84944.9996948242
0,2110,92447.00002670288
1,2230,73495.0008392334
1,4220,64412.9981994629
0,3010,81180.0003051758
1,2750,74485.0006103516
1,3590,85208.9996337891
0,4340,91279.0002822876
1,4380,95863.99984359741
1,3720,80725.9998321533
1,3490,68652.9998779297
1,4250,69055.0003051758
1,4210,64127.998352050796
1,4370,49541.9998168945
1,4320,46181.999206543
1,3750,47868.0000305176
1,3910,45983.0017089844
0,4340,50944.9996948242
1,3890,60896.999359130896
1,2800,64515.998840331995
1,3990,46154.9987792969
0,4440,50558.99810791021
0,4360,30915.0009155273
1,4330,34724.99847412111
1,3890,11957.000732421919
1,3620,37375
0,4150,37951.000213622996
0,4200,30801.00250244139
1,3740,57196.9985961914
0,3040,63125
0,4080,63506.00051879879
0,4130,51611.00006103521
1,1070,75052.0000457764
1,3990,67237.9989624023
0,3190,39421.0014343262
0,1080,17129.997253417998
0,3320,37486.00006103521
1,3770,35885.0021362305
1,4250,17972.999572753906
1,4260,61053.0014038086
1,3800,65668.99871826169
1,2960,60577.9991149902
0,3660,73482.0003509521
0,3810,70784.9998474121
0,4370,50145.999908447295
0,3870,2486.9995117187063
0,2760,9075.996398925796
0,2790,19155.998229980498
0,3650,45494.998931884795
1,4360,42263.0004882812
1,3000,10028.999328613296
0,2150,12981.002807617202
0,2910,12859.001159668012
0,3100,31577.00347900389
1,1420,5913.0020141602
0,1690,16690.002441406206
1,4110,83565.9999847412
0,4400,40238.9984130859
0,2530,62421.00143432621
1,3240,55527.99987792971
1,2130,46435.001373290994
1,2180,52715.0001525879
1,3300,33081.001281738296
1,3190,48749.0005493164
1,2570,60648.998260497996
0,4490,40715.999603271506
1,2450,45758.9988708496
1,3090,44793.9987182617
1,2830,66390.998840332
1,3770,24528.999328613296
1,1830,80775.9990692139
1,3630,94487.99991607666
1,2600,82834.9990844727
1,3290,80740.9992218018
1,2080,87032.9999923706
1,3190,79482.9998016357
1,2140,60247.001647949204
1,1840,58537.9981994629
1,2370,28250.999450683594
1,3090,40528.9993286133
1,3900,72534.9998474121
1,320,17185.9970092773
1,730,23083.99963378899
1,2690,59301.9981384277
1,3400,84642.0001983643
1,2530,82268.9990997314
0,2700,88958.9996337891
1,3230,66747.00164794919
1,2760,66669.99816894531
1,1910,49955.00183105471
1,4420,45201.000213622996
1,3210,52573.001861572295
1,2050,39458.0001831055
1,1330,22016.998291015596
1,3370,17250
1,2790,42429.00085449221
1,2800,17240.997314453096
1,3630,-6053.001403808987
1,3750,21320.999145507798
1,2410,90005.99956512451
1,3290,-549.0036010740005
1,1970,89633.9998245239
1,3940,93885.00022888184
1,2480,74996.9997406006
1,4000,71569.0002441406
0,2950,70670.0000762939
0,3560,74850.0003814697
0,3540,90704.99992370605
1,3680,87496.00028991699
1,4480,92271.99983596802
1,4110,74742.000579834
1,4080,80520.0004577637
1,4460,85637.0000839233
1,4470,80580.9993743896
1,4160,78718.9998626709
1,3660,59923.000335693396
1,3810,68600.9998321533
1,4050,50223.9990234375
0,1880,15413.0020141602
1,1900,21981.002807617202
1,1960,11869.003295898394
1,4420,68503.0002593994
0,3360,59548.000335693396
0,3520,52873.00109863279
0,4310,88149.9996185303
0,4490,87875
1,4370,70260.0002288818
1,4470,84654.99973297119
1,4390,48363.9984130859
0,4310,50073.001861572295
0,4060,37074.001312255896
1,4330,82729.9995422363
0,3770,64398.998260497996
0,4080,59893.0015563965
1,3290,42298.999786377004
1,3780,57106.9984436035
1,810,68458.9996337891
1,2970,35911.003112793
1,1040,61382.999420166
1,1220,57099.9984741211
1,2440,56119.998931884795
1,470,-23581.00128173799
1,2710,-44708.999633789004
1,1790,-54595.993041991984
1,3240,-34102.99682617202
0,2620,41388.0004882812
1,3440,36419.99816894529
1,4150,46875
0,3880,38631.0005187988
1,4300,78422.0008850098
1,3660,79464.0007019043
0,4090,66212.00180053711
0,4310,91699.00035858154
0,3800,75858.9992523193
0,4250,46693.000793457
0,4120,35874.00054931639
0,4000,-49292.99926757798
0,3040,-30201.004028320007
0,3760,-14263.000488281003
0,4230,-10458.999633789004
0,4330,-12754.997253418012
0,3760,15393.997192382798
0,3520,9554.000854492202
1,3980,96302.99997329712
1,3440,77434.9994659424
0,3480,91821.99954986572
1,3750,79436.00082397461
1,4440,79073.9994049072
1,3760,82132.999420166
1,4400,91284.99984741211
1,3950,83334.9990844727
1,4070,69072.00050354
1,4430,50548.000335693396
1,1280,74184.0000152588
1,4300,69354.0000915527
1,4190,70177.0000457764
1,4430,78569.9996948242
1,3540,87996.9997406006
0,4060,92763.00001144409
0,3810,84593.0004119873
0,3740,92519.00005340576
1,3690,70073.9994049072
1,3970,74160.9992980957
1,3930,83909.0003967285
0,4420,77069.9996948242
1,4300,80988.000869751
1,4390,73472.0001220703
0,4340,90501.9998550415
0,4370,83079.9999237061
0,4140,77267.0001983643
0,4370,88656.0001373291
0,4390,95348.99997711182
1,4150,96430.99999427795
1,4390,84508.0003738403
0,4490,85437.0002746582
1,2480,71839.0007019043
0,4470,92011.00015640259
1,3850,96388.00001144409
1,3980,73625.99945068361
1,4150,89279.0002822876
0,3900,76753.999710083
0,1570,72235.0006103516
1,4440,67853.00064086911
1,3420,60659.0003967285
0,3170,89875
1,4170,70670.9995269775
1,3920,79388.9999389648
1,3720,80114.9997711182
1,4100,95881.00004196167
1,3770,87286.9997024536
1,4480,86406.9995880127
1,4040,80457.0007324219
1,3740,83149.9996185303
0,3810,79611.0000610352
1,4450,83063.9991760254
1,4370,92808.00008773804
1,4030,91939.9995803833
0,3750,92987.99991607666
1,4030,36849.9984741211
1,3540,42638.99993896479
1,4280,65561.00082397461
0,1260,97546.0000038147
0,-240,63590.9996032715
1,3790,90786.99970245361
0,4440,85621.9997406006
0,4470,89550.9996414185
0,3360,49508.9988708496
0,4270,92497.00021743774
0,3910,84338.0002975464
1,3560,87607.0003509521
0,4100,82840.9996032715
1,3510,87480.9999465942
0,3720,99074.00000095367
1,4480,97209.00011062622
1,4230,75311.0008239746
1,4180,72843.0004119873
1,4260,87984.9996566772
1,3450,69982.9998016357
1,2820,84059.0000152588
1,3930,79797.0008850098
1,3930,91416.00036621094
0,3560,73464.0007019043
1,3630,59000
1,4020,53561.0008239746
1,4380,96967.99993515015
1,4370,63227.001190185496
1,2830,58290.00091552729
1,4100,65346.0006713867
1,3150,56574.001312255896
1,3560,71523.0007171631
1,3970,90359.99965667725
1,4370,88026.0000228882
1,3540,92723.00004959106
0,2790,80679.0008544922
1,3990,93493.00003051758
1,4230,74048.0003356934
1,4360,83142.0001983643
1,4340,80735.0006103516
0,4400,27166.999816894502
1,4140,36674.999237060496
0,4000,77818.000793457
1,3250,75816.9994354248
0,3240,75309.0000152588
0,3980,73204.9999237061
1,3200,94715.00015258789
0,2010,68561.0008239746
1,4130,33041.9998168945
1,3810,86770.0004577637
1,1740,76969.9993133545
1,-1530,63585.9985351562
1,780,69381.0005187988
0,1330,87520.0004577637
1,1420,94611.99998855591
1,1790,92241.00017547607
1,1480,57912.9981994629
1,1680,93610.0001335144
1,3000,85376.0004043579
1,2110,88717.0000076294
1,1880,88432.99961090091
1,2870,13982.002258300796
1,3320,90439.00012969969
0,4120,71346.0006713867
1,2310,58924.999237060496
1,1640,58145.9999084473
1,2820,72415.0009155273
0,3640,89529.0002822876
1,1540,65730.9989929199
1,2120,75902.00042724611
1,2900,89034.9998474121
1,2550,94986.00006103516
1,2020,67889.99938964841
1,2730,72461.0004425049
1,2630,67537.99819946289
1,3330,85956.9997787476
1,2920,88904.99973297119
1,2830,91817.99983978271
1,2820,96325.00004768372
1,3080,83646.9993591309
1,2390,77313.9991760254
1,2970,67880.0010681152
1,-60,84920.0000762939
1,2620,94743.99995803833
1,2040,80158.0009460449
1,1880,77709.9990844727
0,3330,53965.0001525879
1,2610,76162.0006561279
1,2340,71420.9995269775
1,1690,79867.000579834
1,-410,88307.0001602173
0,2590,74971.0006713867
0,4380,79832.0007324219
1,3720,84435.9998703003
1,2960,80930.0003051758
1,2690,68472.99957275389
1,2540,82381.9999694824
0,3080,66368.9994812012
1,1740,62020.9999084473
1,3150,71208.9996337891
1,2950,80718.9998626709
1,3350,69232.0003509521
1,4390,36345.0012207031
1,3010,42714.0007019043
1,1440,44590.999603271506
1,3020,54748.00109863279
1,2940,67120.99838256839
1,3300,72941.9994354248
1,2980,76179.0008544922
1,2870,51226.001739502004
0,4330,94770.99990844727
1,1660,76150.9990692139
1,2680,86548.999786377
1,3120,68763.9999389648
0,2180,37659.9998474121
0,2530,67735.00061035159
0,2140,58698.0018615723
1,1740,57701.000213622996
0,4080,45769.0010070801
0,3540,54777.99987792971
0,2140,39744.998931884795
0,1730,33676.00250244139
0,1550,35206.001281738296
0,540,62126.9989013672
0,1680,71110.0006103516
0,220,53388.0004882812
0,1140,47270.999908447295
0,2030,41988.9984130859
0,2280,51923.999786377004
1,1990,59907.00149536129
0,3710,28612.9989624023
0,3050,25726.997375488296
1,-280,49884.9983215332
1,-1000,29382.003784179702
1,1640,24678.001403808594
1,2390,40419.99816894529
1,2610,19334.9990844727
1,3910,55623.00109863279
1,1250,66006.0005187988
1,3760,53453.9985656738
0,260,52269.0010070801
0,750,62554.0008544922
1,3640,79606.0009002686
1,1590,69840.0001525879
1,2280,81989.9997711182
1,2400,64575.000762939504
0,2360,42327.999114990205
0,1660,17365.997314453096
1,1720,31401.0009765625
0,1380,-13283.996582031003
0,1880,27323.997497558594
1,3170,25250.999450683594
0,2020,29578.0029296875
0,2210,39720.0012207031
0,2760,77902.00042724611
1,3440,45015.998840332
1,3650,71375
1,3050,97151.00002288818
1,3300,96619.99988555908
1,3850,70218.9998626709
0,3020,82197.9999542236
1,4040,79798.999786377
1,3520,77600.9998321533
0,4130,87475.0003814697
1,4370,-40117.99621581999
0,3790,-58485.000610352
1,2950,-50768.997192383016
0,2040,-72522.00317382801
1,3600,-52029.006958008016
1,2360,-51039.00146484401
1,3050,-65416.000366210996
0,-540,-67083.999633789
1,3880,74422.0008850098
1,2820,66700.00076293951
1,1980,67794.99816894531
0,3230,81951.9996643066
1,3540,74694.0002441406
1,3620,89696.0000991821
1,3370,81815.0005340576
1,3670,89895.9999084473
0,1520,62478.000640869104
1,3050,84583.0001831055
1,4160,95658.99991989136
1,2350,79433.0005645752
1,3440,66320.99914550781
1,4310,94265.99979400635
1,2690,72481.0009002686
1,3860,64841.9990539551
1,3020,86432.99961090091
1,3180,93690.99998474121
0,3910,56471.0006713867
1,4440,37599.9984741211
0,2820,79062.9997253418
0,3690,79517.0001983643
0,3940,70124.00054931639
0,3750,76896.9993591309
0,4130,60176.9981384277
1,3680,47643.001556396506
1,3160,51470.0012207031
1,4050,76013.00048828119
1,3880,55359.001159668
1,3680,74579.9999237061
1,4190,36005.001068115205
0,4430,13708.999633789004
1,3000,11248.001098632798
1,3780,34363.99841308601
0,3090,4697.998046875
1,3590,32508.003234863296
0,3430,41366.0011291504
0,3890,41789.0014648437
0,3700,22117.996215820298
0,3950,-6016.998291016003
0,4050,-18441.001892090004
1,3320,-19599.998474120992
1,3740,-18359.001159668012
0,3660,18987.9989624023
1,4170,80364.9997711182
1,3930,35642.997741699204
1,4000,53133.9988708496
1,4190,66220.0012207031
0,3980,60353.000640869104
0,4210,76854.9995422363
0,4200,88633.0003738403
1,4090,83313.9991760254
0,4170,83561.0008239746
0,4020,91970.00026702881
1,3760,64081.001281738296
0,3870,53930.9997558594
0,4320,-122705.99365234401
0,3440,-84078.994750977
0,3430,-31104.995727539004
1,580,63798.999786377004
1,3520,57082.0007324219
0,3510,-85389.999389648
0,3630,58297.0008850098
0,3870,36098.9990234375
0,3790,66733.0017089844
0,3870,78231.0009002686
0,4140,83679.0008544922
0,3940,80013.00048828119
0,4110,46520.999908447295
0,4050,41486.9995117187
1,3540,89758.0003738403
1,3730,52528.9993286133
1,3640,26574.996948242202
1,3860,38647.998809814504
0,3630,53469.0017700195
1,3730,35978.9962768555
1,4200,66416.00036621091
1,4060,60853.000640869104
0,4180,57160.9992980957
1,2580,73231.0009002686
1,2190,81299.9992370605
1,1520,77740.9992218018
1,2680,75698.9994049072
1,3150,70627.0008087158
0,1170,81239.9997711182
0,3830,77806.999206543
1,3590,82996.00028991699
0,4430,92196.00009918213
1,3070,84989.9997711182
1,3810,20055.999755859404
0,4260,56430.9997558594
1,4290,75788.0001068115
1,4060,88480.9999465942
1,3480,59368.99948120121
1,2330,59363.9984130859
1,3440,70964.0007019043
1,2650,80735.0006103516
1,2390,67213.0012512207
0,3770,66948.0018615723
1,3180,55784.9998474121
0,3580,32751.998901367202
1,4340,82649.0001678467
1,3030,51631.0005187988
1,4080,-47863.998413085996
0,3000,-30873.99291992202
0,4060,90213.00029754639
0,3100,-77330.99365234401
1,2740,-118542.00744628898
0,3210,-207790.985107422
1,1890,-172380.00488281302
1,520,70993.0000305176
0,4320,73784.9998474121
0,2790,64776.0009765625
1,2590,62539.0014648437
1,2750,90425.99964141846
0,3680,49754.001617431604
0,4470,84711.0004425049
0,4390,80839.0007019043
0,4360,68878.0002593994
0,2500,67036.9987487793
0,4010,69577.9991149902
1,1770,59778.999328613296
1,4220,52868.0000305176
1,4280,40723.9990234375
1,4110,68738.000869751
1,2060,71809.9994659424
0,3360,79455.9993743896
1,3820,79417.9992675781
0,4320,61738.9984130859
0,3580,51726.001739502004
0,4310,43442.0013427734
0,3030,65289.0014648437
1,2080,55567.0013427734
0,4030,9189.0029907227
0,2580,16944.999694824204
1,-2480,-27387.00103759799
0,-2280,-14690.002441406003
0,2960,2467.0028686523
1,3660,20412.00256347659
0,3160,5244.003295898394
0,3060,26637.0010375977
0,3280,4696.998596191406
0,1510,-49992.00439453099
0,2750,-48714.996337891
1,1110,-63041.000366210996
1,3350,20443.000793457002
1,1790,30192.001342773394
1,2190,-2332.000732422006
0,2880,20519.996643066406
1,3940,8558.9981079102
0,3700,7510.002136230512
1,2770,18024.002075195298
0,2800,25488.99841308601
1,4270,85288.0001068115
1,3220,70801.0005950928
0,-2790,83069.9996948242
1,160,85355.9999465942
0,1100,69785.9992980957
0,1790,65180.0003051758
0,2670,57027.99987792971
0,4110,65243.0000305176
1,2630,82618.0000305176
1,2460,78111.99951171869
1,1630,27154.998779296904
1,2440,51090.999603271506
1,80,54238.9984130859
1,40,46234.001159668
0,-1890,45608.0017089844
1,2620,58099.9984741211
1,-1320,44747.0016479492
1,2100,80591.9990539551
1,-200,76704.9999237061
1,3950,83534.9998474121
1,3910,82429.0008544922
1,3390,90343.0004119873
1,2970,90765.00034332275
1,4180,82714.0007019043
1,4330,94671.99993133545
0,3090,95447.00002670288
1,3510,64398.998260497996
0,2920,86592.0000076294
0,3010,77715.9996032715
0,2620,61162.9981994629
1,3130,49367.000579834006
1,4020,76527.00042724611
0,2680,74818.000793457
1,2260,65169.998168945305
1,1790,69625
1,3600,67993.9994812012
0,4210,86071.0000991821
1,3910,79966.9990539551
1,3900,75958.0001831055
1,4360,87126.9998550415
1,3640,93006.99996948242
1,3160,83739.0003204346
0,2680,83656.9995880127
1,1650,86343.0004119873
0,3280,79974.0009307861
0,3280,84958.9996337891
1,3030,72351.9992828369
0,4280,44874.0005493164
1,3850,59152.9998779297
0,3240,80415.0009155273
1,2360,43771.999359130896
0,3290,56720.0012207031
1,2020,57990.0016784668
1,4450,78583.9996337891
1,2870,78405.0006866455
1,1040,87647.0003128052
1,2700,87579.0004730225
1,210,91843.0004119873
1,3830,88423.0003356934
0,-70,69149.9996185303
1,1990,35708.0001831055
1,3270,71247.9991912842
0,2490,75724.0009307861
0,4370,84734.0002059937
0,3820,90807.00016021729
1,4200,76170.0000762939
1,-1590,73465.0001525879
1,2190,85043.0002212524
1,3100,88206.000328064
1,1100,70107.0003509521
1,-580,79641.0007476807
1,1510,56432.9986572266
1,1910,69569.0002441406
0,1080,58391.9982910156
0,3980,52043.9987182617
1,3650,73216.9990539551
1,4020,57674.999237060496
1,3880,21051.002502441406
1,4180,19430.999755859404
1,4010,19676.002502441406
1,3620,45073.001861572295
1,4090,45610.0006103516
1,3730,58404.9987792969
0,3900,42886.0015869141
0,4360,73555.0003051758
1,4110,78385.0002288818
0,4220,88857.0003509521
1,4360,82989.9997711182
0,4270,91586.99989318848
1,4320,95781.0001373291
1,2670,79294.0006256104
1,2560,75464.0007019043
1,2900,94048.99978637695
1,3100,92842.0000076294
1,4480,76190.0005340576
1,950,12760.002136230512
1,60,87506.9999694824
1,-730,96930.0000667572
1,1500,22771.003723144502
1,2930,53710.9985351562
1,2480,52034.000396728494
0,2290,58335.9985351562
1,2530,38819.0002441406
1,4220,32774.0020751953
1,1720,55575.000762939504
1,2710,85244.9998855591
1,3890,91230.99994659424
1,2610,70229.9995422363
1,1830,82955.9993743896
1,2960,77304.0008544922
1,3740,73569.9996948242
1,2360,49627.9983520508
1,2330,50414.0014648437
1,3360,24694.000244140596
1,3090,58148.998260497996
1,2850,80413.9995574951
1,3100,53811.0008239746
1,3340,64111.9995117187
1,2940,73785.9992980957
1,3900,83024.9996185303
0,3720,54527.99987792971
1,2660,53695.99914550779
1,2490,43095.0012207031
1,1600,49307.9986572266
1,1920,65713.0012512207
1,2900,90920.00007629395
0,4230,81726.9992828369
1,-40,-138.00048828100262
1,929.9999999999995,26956.001281738296
1,-2370,40455.00183105471
1,-3790,67074.00131225589
0,1480,52937.0002746582
1,1410,84696.9995498657
1,1130,81226.9992828369
1,2320,70049.9992370605
1,-480,58574.001312255896
1,1280,99350.00002384186
1,-540,91324.00035858154
1,-800,82627.0008087158
1,-1080,67666.9998168945
1,1200,82649.0001678467
1,2850,75114.0003204346
1,2260,59680.9997558594
1,2500,57863.9984130859
1,2020,82389.9993896484
1,2740,82995.0008392334
1,4330,84404.0002822876
1,2600,61354.0000915527
1,3980,16191.0018920898
1,3900,23557.99865722659
1,2250,38784.000396728494
1,3170,44638.0004882812
1,4180,60019.0010070801
0,4250,53449.001312255896
1,3750,62999.0005493164
1,3950,67417.9992675781
1,4170,77240.9992218018
1,3870,95037.00017929077
1,3880,46874.0005493164
0,3650,77215.0001525879
1,3750,72410.9992980957
1,2750,46598.9990234375
1,3030,30551.00250244139
1,3320,60438.9991760254
0,4460,76534.9998474121
1,4360,83698.9994049072
1,4200,57977.001190185496
1,3900,86250
1,2860,80746.00028991699
1,1040,83034.0003967285
1,4240,76493.9994812012
1,-280,47699.001312255896
1,3110,43973.9990234375
1,3290,99408.999979496
1,3540,75464.0007019043
1,1550,62227.001190185496
0,2080,34404.99877929689
0,600,64206.001281738296
1,10,95030.00020980835
1,3490,22179.000854492202
1,3180,-4458.999633789004
0,4010,68441.9994354248
1,2290,66048.99978637701
0,2610,63390.998840331995
1,2300,70715.9996032715
1,1100,67777.0004272461
1,2050,74311.0008239746
1,1340,89954.0004730225
1,3900,67167.9992675781
0,2930,67949.00131225589
1,1930,56082.0007324219
1,2890,50318.000793457
1,2810,52090.0001525879
1,2690,61216.9990539551
0,4170,58231.9984436035
1,4400,45955.00183105471
1,3880,37680.0003051758
1,4460,52637.00103759771
1,3730,61846.000671386704
1,3950,76819.9996948242
1,4180,80636.999130249
1,4380,83586.0004425049
0,3490,66858.0017089844
1,4320,75093.9998626709
1,3340,83732.0003509521
0,4480,73236.0000610352
0,4380,94525.00009536743
1,4400,97282.00006484985
0,4490,73920.0000762939
1,3660,68854.9995422363
1,4320,55429.00085449221
1,4340,45432.9986572266
1,4320,35521.0037231445
1,4200,37616.0011291504
1,4290,38423.000335693396
1,4200,65133.9988708496
1,4030,64558.99810791021
0,2200,75555.0003051758
0,4010,77676.0005950928
0,3870,90529.0002822876
0,4230,93471.00019454956
1,4070,88982.0003509521
0,1630,94559.99994277954
0,3750,77297.0008850098
1,2310,61418.998718261704
0,4400,61263.99993896479
1,4270,43784.9998474121
1,2310,51148.998260497996
1,2390,44165.00091552729
1,1570,37195.99914550779
0,910,48307.9986572266
0,2770,67513.9999389648
1,2650,68048.999786377
0,380,44847.9995727539
0,3010,39327.999114990205
0,3990,10109.001159668012
0,1770,6401.0009765625
0,3690,-66361.99951171901
1,4150,-77266.998291016
0,4160,-58292.99926757798
0,2890,33297.99652099611
0,3640,25822.998046875
0,4250,59883.9988708496
1,3750,32402.00042724611
1,3660,81777.9998779297
0,4120,18040.0009155273
0,3950,50457.0007324219
0,3600,44223.9990234375
0,3970,47962.0018005371
0,3850,1124.0005493164062
0,3850,5214.996337890581
0,4110,-4093.0023193359957
0,3930,33241.996765136704
1,3910,55308.99810791021
0,2960,2161.0031127930124
1,4170,-4314.002990722991
1,4370,-7079.002380370992
0,3910,33160.00366210939
1,4040,82610.0006103516
0,4260,51194.0002441406
1,2620,69549.9992370605
0,4310,69315.0005340576
0,4030,58653.999328613296
1,3090,33253.99780273439
1,3140,62567.0013427734
0,4080,64155.998229980505
0,2600,88298.0003356934
0,3290,62398.998260497996
0,3920,69288.0001068115
1,4020,46502.9983520508
0,4160,31549.003601074204
0,4260,24083.000183105498
0,4040,15165.0009155273
0,3690,-28621.00219726599
1,1830,-40531.005859375
0,2200,-28388.000488280988
1,3730,-53173.004150391
0,4130,-72733.993530273
0,2770,-70220.00122070298
1,3070,-75725.006103516
0,3920,6783.996582031206
0,3890,19915.0009155273
0,3300,-8911.003112793012
1,2790,31443.000793457002
0,4170,-39080.99365234401
1,3640,-27642.997741699
1,3580,49578.9985656738
0,4460,60425.998687744104
0,2720,20278.999328613296
0,2920,-27250
0,4130,-34315.99426269499
0,4090,-35104.00390625
0,3550,-32244.003295898
0,3390,-18935.99700927701
1,1620,39194.0002441406
1,1510,12902.000427246094
1,2280,44499.0005493164
1,3570,63796.00143432621
1,3140,53192.0013427734
1,2620,32583.000183105498
1,2910,6050.003051757798
0,3340,29789.001464843706
0,3490,-13008.00323486299
1,-120,3777.999877929702
0,590,-41244.003295898
1,1630,-56123.001098633016
1,1000,-79117.00439453099
1,2970,-38363.998413085996
0,3810,4384.002685546919
0,2670,37034.9998474121
1,3860,87545.9995269775
1,1690,54006.0005187988
0,2420,-33873.001098633016
1,2010,57368.0000305176
1,2440,36584.99908447271
1,3890,37146.999359130896
0,3150,53672.000885009795
0,2820,57381.00051879879
0,3530,85543.0002212524
0,2810,67423.99978637701
1,3520,21458.000183105498
1,3500,814.0029907226999
0,3240,8218.002319335996
1,3400,3290.0009155273
0,2210,-4166.000366210996
1,2380,28799.003601074204
0,3570,90326.99966430664
1,3830,43433.99810791021
0,2960,68031.9995880127
1,2340,37602.001190185496
1,2890,55986.9995117187
1,1650,69378.999710083
1,2650,67388.00048828119
0,1740,31070.999145507798
0,1810,6195.999145507798
1,1810,-27690.002441406003
1,1310,-35835.006713866984
1,2010,-52783.004760741984
0,2520,-38408.99658203099
0,4210,4666.000366210996
1,3690,-27280.99822997999
0,4350,-9176.002502441013
0,4000,1888.9999389648
0,3100,-65707.00073242202
0,2970,-87832.00073242199
0,3980,-96503.00598144499
0,2870,-84399.00207519499
1,2410,-99309.00573730501
1,2860,-69531.005859375
1,3770,68466.9990539551
0,3440,75309.9994659424
0,3810,31554.000854492202
0,4210,24063.00354003899
1,4170,76767.9996490479
0,4150,54240.0016784668
0,4130,81047.0008850098
1,2460,56533.0009460449
0,3580,88708.9996337891
1,3110,78096.0006713867
0,3580,74996.000289917
0,4010,54089.0007019043
1,3270,52047.000885009795
0,2670,29433.9981079102
1,1820,37361.9995117187
1,4440,85954.9999237061
1,3800,91076.00021362305
1,4380,92664.99996185303
1,-660,71031.0001373291
1,3790,78517.9996490479
1,180,80978.0006408691
1,4440,60834.99908447271
0,4170,62721.000671386704
1,4180,49418.9987182617
1,3570,72868.0000305176
1,3710,83641.0007476807
1,3780,82541.9998168945
1,4280,80469.99931335449
0,2780,92413.00010681152
1,4170,69124.00054931639
1,3360,76354.9995422363
0,4380,87847.0001220703
1,3490,68929.0008544922
1,4300,83729.0000915527
1,4400,82885.9996795654
1,4390,84505.0001144409
1,3930,73513.00048828119
1,3800,56858.0017089844
1,4080,74312.9997253418
1,2790,90024.00016784668
1,3900,93459.00011062622
1,3990,56715.0001525879
1,4100,28870.002746582002
1,3840,29968.00231933601
1,3380,29978.996276855498
1,3530,7319.000244140581
1,3970,18108.001708984404
0,3600,20097.000122070298
0,4170,44938.9991760254
1,4210,76174.9992370605
1,3240,39948.001861572295
1,3510,60667.9992675781
0,3930,80750.9994506836
1,3820,85755.9995651245
1,3290,52151.0009765625
1,3210,48284.9998474121
1,3250,42612.99896240229
1,4050,92852.00023651123
1,3910,80816.9994354248
1,3770,70018.9990997314
1,3750,64294.9981689453
1,3850,46605.9989929199
1,4080,63251.9989013672
1,4100,65194.9996948242
1,4140,86373.0001449585
0,2820,65888.00048828119
1,3720,86897.9997634888
1,4250,85906.0001373291
1,4180,90057.00016021729
1,3350,15831.001281738296
1,3200,21974.998474121094
1,-180,51321.9985961914
1,4350,71667.9992675781
1,4430,82152.0004272461
1,4130,16280.998229980498
1,4020,75611.0000610352
1,4480,77024.0001678467
1,4420,95993.99995803833
1,4410,71551.0005950928
1,3470,89236.0000610352
0,4400,94614.99977111816
0,4310,74923.0003356934
0,4320,78143.9990997314
1,4070,91463.99974822998
1,4260,91175.99964141846
0,4280,86111.0000610352
0,4380,63603.000640869104
0,4290,89333.0001831055
0,4470,94419.0001487732
0,4400,90668.99967193604
0,2800,-20097.999572754008
0,2290,-42522.994995116984
0,1800,-45557.006835937995
0,3650,1494.0032958983938
0,4010,15515.998840332002
0,3020,8997.001647949204
0,3970,59870.998382568396
0,3680,95727.00023651123
1,3960,78714.0007019043
1,4430,84949.9998092651
1,4290,80659.0003967285
0,4370,63151.0009765625
1,2350,70593.0004119873
1,4100,80826.000213623
1,4110,29997.001647949204
1,3420,35258.003234863296
1,3650,43702.999114990205
0,3390,46449.001312255896
0,3690,-905.9982299799885
0,4180,18614.997863769502
0,4110,31038.0020141602
1,3880,10992.996215820298
0,4440,65421.0014343262
0,4230,51986.9995117187
1,4460,83313.9991760254
1,3830,33930.99975585939
1,3660,67998.00109863281
1,3680,87406.0001373291
1,3880,71993.9994812012
1,3830,51555.0003051758
1,4150,71354.0000915527
1,4110,74069.0002441406
1,4010,54728.000640869104
0,3820,50653.9993286133
0,3920,28482.002258300796
0,3970,24302.001953125
0,3820,45597.00012207029
1,3620,76851.9992828369
0,3590,68614.0003204346
1,4130,72117.000579834
0,4350,558.9981079101999
0,4450,-15994.003295898001
1,4450,39568.000793457
0,4410,68760.9996795654
0,4470,50799.999237060496
1,4190,68729.0000915527
1,4130,91187.9997253418
1,4230,72111.0000610352
0,4300,51750
1,4350,57405.998229980505
0,4050,40179.00085449221
1,2400,91899.99961853027
0,4440,68920.0000762939
1,4170,64362.99896240229
1,4300,89454.0004730225
0,4060,92688.00020217896
1,4270,89350.9998321533
1,4480,88005.9995651245
1,3010,9958.999633789004
1,1490,88397.0003128052
1,-90,78388.9999389648
1,1500,88906.0001373291
0,2960,-38309.99755859401
0,2620,-33134.994506835996
0,3040,-52464.004516602
0,3110,-54082.992553710996
1,2070,3920.997619629008
0,2250,3351.997375488296
0,2480,-28108.00170898401
0,3300,-60994.995117187995
0,3060,-69274.00207519499
1,3200,-34970.00122070298
0,3040,-27193.000793456988
0,3200,-35214.004516602
0,3970,109.0011596680124
0,3160,-3031.9976806640043
0,3260,10732.002258300796
0,3160,16568.000793457002
1,3450,92664.00003433228
0,4430,92449.99980926514
1,3730,81440.0005340576
0,4380,73749.00054931639
1,1960,56693.000793457
1,1580,38452.999114990205
1,2460,52969.0017700195
1,2840,14517.997741699204
0,4340,74478.0006408691
0,3800,55056.999206543
0,4250,80681.999206543
0,4450,74628.999710083
0,4250,45576.000213622996
0,4130,18833.99963378899
0,3350,86420.0000762939
0,3460,75995.0008392334
0,4260,71784.9998474121
0,4220,76058.0005645752
0,4290,59703.99856567379
1,4360,67757.999420166
1,4020,84644.0000534058
0,4050,72579.9999237061
0,4150,84515.0003433228
1,3970,73923.0003356934
1,4350,54457.0007324219
0,4400,55805.9997558594
0,4410,76645.0004577637
0,4380,78101.9992828369
1,3850,69534.9998474121
0,4170,82628.99971008301
1,4240,66492.000579834
0,4120,60026.0009765625
0,4370,80079.0004730225
0,4410,73334.9990844727
0,4380,60837.0018005371
0,4370,61058.99810791021
0,4400,52226.001739502004
1,4230,59456.001281738296
1,4300,83395.0004577637
0,4230,71745.0008392334
0,4470,82624.0005493164
0,4490,88595.00026702881
1,3710,81520.0004577637
1,2450,89222.9995727539
0,4480,67416.9998168945
0,4330,64192.0013427734
0,4450,58887.00103759771
1,2690,81562.0002746582
0,4290,77186.0008239746
1,4180,86215.0001525879
0,4290,1967.0028686523
0,4480,-53727.99682617202
0,4090,63083.9996337891
0,4490,64271.999359130896
1,3080,76219.9993133545
0,4450,85098.9999771118
0,4340,86854.0000915527
0,4050,38226.001739502004
0,3370,34184.997558593706
0,3860,16752.998352050796
0,4300,-6494.003295898001
0,4320,-25141.998291016003
0,4380,50922.000885009795
0,3550,28524.002075195298
0,4050,-30912.002563476985
0,3200,31991.996765136704
0,3580,31481.002807617202
0,3990,22103.996276855498
0,3980,-5094.0017700200115
0,4300,-15763.000488281003
0,3710,-28246.00219726599
0,2650,-30208.999633789004
0,3650,26129.997253417998
0,4160,43376.99890136721
0,4000,85829.9999237061
0,3730,82145.0004577637
1,3320,69179.0008544922
0,3170,56046.0014343262
0,3140,71839.0007019043
0,2950,49652.99987792971
1,3880,83709.9990844727
0,3140,82232.9998016357
1,3010,81951.000213623
1,3530,60863.9984130859
1,2780,85694.9996948242
1,3840,73325.0007629395
1,4400,68938.9991760254
1,3380,69468.0004119873
1,3490,72010.9996795654
1,4090,88968.9998626709
1,4330,87765.9997940063
1,4190,75996.000289917
1,3750,85213.0002975464
0,3880,77997.9991912842
1,3420,88187.0002746582
0,4290,86286.00025177
0,2470,75115.9992218018
1,3900,93531.0001373291
0,4460,89538.9995574951
0,3870,57988.9984130859
0,4490,75166.9998168945
0,4480,80497.9991912842
0,4400,22891.998291015596
0,4240,22114.997863769502
0,3910,14212.997436523408
1,4000,25088.996887207002
0,4390,-539.0014648439974
0,3870,-25597.000122070007
0,4140,-13698.997497558987
0,3990,-19941.001892090004
1,4380,5279.998779296919
0,3780,-35910.003662109
0,4420,21022.003173828096
0,4370,12092.0028686523
0,4240,11134.002685546919
1,4220,40474.9984741211
0,3890,42861.00006103521
0,3640,46167.9992675781
1,4440,31654.99877929689
0,4260,56888.0004882812
0,4460,90050.00019073486
1,3990,93354.00009155273
1,4270,61080.0018310547
1,3830,40401.0009765625
1,4390,56813.9991760254
1,4170,90053.99990081787
1,3910,58057.9986572266
1,4490,70638.00048828119
1,4210,83110.0006103516
0,3670,68847.99957275389
1,3170,81478.0006408691
1,2820,56583.0001831055
0,2730,84392.9996490479
1,4160,41561.0008239746
1,4390,74861.0000610352
0,2170,92723.00004959106
1,4400,72104.9995422363
0,2490,63916.999816894495
1,3960,64942.0013427734
1,3640,69492.000579834
1,3090,79107.9998016357
1,4320,66004.00161743161
0,4220,62777.9998779297
0,4280,96474.99990463257
0,4490,76795.0000762939
0,3340,68006.9999694824
0,3830,56240.0016784668
0,3530,48369.998931884795
0,3200,48304.00085449221
1,2950,80329.9999237061
1,4230,67784.0003967285
1,3690,25918.998718261704
0,4250,46456.0012817383
0,3790,62895.00045776371
0,4250,34790.0009155273
1,4290,67230.9989929199
1,4150,70798.0003356934
1,3450,46310.001373290994
1,4390,77232.9998016357
0,4420,52324.001312255896
0,4360,50311.0008239746
1,4040,39172.000885009795
1,4300,75750.99945068361
1,3630,80386.999130249
0,4190,68930.9997558594
1,4180,79896.9993591309
0,4460,90895.99990844727
1,3920,42759.9983215332
0,4160,-3642.9977416990005
0,4420,-730.0033569339867
0,4430,-4691.001892090004
0,4480,62448.0018615723
0,4420,72281.9995880127
0,4360,89796.9999313354
0,4470,90390.99979400635
0,4190,85852.9996871948
0,4470,51255.001068115205
1,3720,75697.00050354
1,4240,63015.998840331995
1,3610,57769.0010070801
1,2490,71722.99957275389
1,3320,70221.0006713867
1,3370,28482.002258300796
1,2730,30690.002441406206
1,3530,69916.9998168945
1,2140,59627.998352050796
1,3070,52840.999603271506
1,3580,-25307.998657227
1,3130,4800.003051757798
1,4120,82743.0000305176
1,3750,80979.9995422363
1,2150,45144.0010070801
0,2620,49009.9983215332
1,4300,58929.0008544922
1,3980,83614.9997711182
1,4440,51728.000640869104
1,3730,70645.0004577637
1,3130,68333.0001831055
1,3820,80861.99951171869
1,3400,50550.998687744104
1,3690,70193.000793457
1,3720,40119.998931884795
1,4200,15277.000427246094
1,2920,6505.996704101606
1,2840,-14147.003173827994
1,3930,16510.002136230498
1,3060,33197.998046875
1,4170,78202.9991149902
1,3750,73438.9991760254
0,3940,94637.00008392334
0,3480,12676.002502441406
0,3340,1885.0021362305124
1,3600,20406.99768066399
1,3830,47849.9984741211
1,3790,56751.99890136721
0,4350,78783.0009460449
0,4490,73589.0007019043
1,3890,54144.0010070801
1,4250,35526.0009765625
0,3720,83476.9992828369
1,3690,61660.9992980957
1,3970,84243.0000305176
0,3670,79746.9997406006
1,3300,87357.9998016357
0,4090,69927.99949646
0,4190,59087.0018005371
0,4110,51238.9984130859
1,4400,83930.9997558594
0,4200,66451.99966430661
0,4130,86053.9999008179
1,3900,65534.9998474121
1,4180,54604.000091552705
1,4380,81274.9996185303
1,4150,81419.0006256104
1,4070,70367.000579834
1,4400,66120.99838256839
0,4260,-1900.001525879008
1,3320,11219.001770019488
1,4100,14936.99645996101
1,3020,33661.003112793
1,2970,21570.999145507798
0,3140,25427.001953125
0,3890,81179.0008544922
0,4300,65257.999420166
0,4020,52594.0017700195
0,3930,24586.9979858398
0,3570,17597.000122070298
0,4150,2151.0009765625
0,3930,65609.001159668
0,3310,4426.002502441406
1,3650,40790.00091552729
0,3980,85637.0000839233
0,3860,-9663.002014159996
0,3980,-1964.9963378910033
0,2440,4401.0009765625
0,3380,12147.003173828081
1,3850,32544.998168945298
1,4310,21013.000488281206
0,3940,71697.00050354
0,4020,95271.99983596802
0,3850,77402.9998779297
0,3640,66995.99838256839
0,3960,63402.9998779297
1,3500,66735.00061035159
1,3810,52303.0014038086
0,3780,36271.999359130896
0,4170,-25563.003540039004
0,4350,-12771.003723145011
0,4020,-6363.998413085996
1,4420,7251.998901367202
0,4480,27150.001525878906
0,3620,25926.002502441406
1,4370,90555.99975585938
1,4460,78406.9995880127
0,4460,67973.9990234375
0,4430,77333.0001831055
0,4380,43129.001617431604
0,4190,22500.999450683594
1,4280,39137.00103759771
0,4200,69087.9993438721
1,4250,65833.0001831055
1,3420,-315.0024414060026
1,3820,-10008.00323486299
0,1490,2486.0000610352
0,1880,37713.0012512207
1,3140,70084.9990844727
0,2730,91710.00003814697
0,2230,74256.0005187988
0,3370,49974.9984741211
1,3500,54630.001068115205
1,3890,79378.0002593994
1,4140,79054.0008544922
1,3950,59047.0008850098
1,3670,70350.9998321533
1,3720,51339.0007019043
1,4110,42533.0009460449
1,3970,67860.00061035159
1,4370,37314.998626709006
0,3950,30467.0028686523
0,3360,27862.9989624023
1,2070,30111.999511718706
1,3230,11224.998474121094
1,2190,-4304.000854491998
1,1230,16777.999877929702
1,4150,73488.000869751
1,2260,63462.0018005371
1,2810,95887.00008392334
1,1750,86758.9998245239
1,2080,62119.9989318848
1,2050,47522.998809814504
1,3810,82957.0007324219
1,4420,82846.0006713867
1,4220,94458.00018310547
1,4420,83872.9991912842
1,2310,76750.99945068361
1,3340,73992.000579834
1,3170,77937.0002746582
1,3240,72457.0007324219
1,2090,86340.9996032715
1,1780,85487.0004653931
1,2710,96500.99992752075
1,3250,88067.9998397827
1,2670,91305.00030517578
1,2270,89909.9998474121
1,3700,79613.000869751
1,3160,81563.99917602539
1,3400,73465.0001525879
1,3440,78365.9992218018
1,1890,74601.9992828369
1,2220,78165.0009155273
1,650,63819.0002441406
1,929.9999999999995,68847.0001220703
1,1690,65054.000854492195
1,4070,65506.9999694824
1,1970,65451.000213622996
1,-190,83784.9998474121
1,-40,71489.0003204346
0,4440,62821.9985961914
0,4440,55688.9991760254
0,3360,60619.9989318848
1,3800,73181.999206543
0,4430,85156.0001373291
0,3300,71313.9991760254
0,3710,29448.997497558594
1,4440,90758.00037384033
0,4490,87458.9996337891
0,4030,69284.0003967285
0,4150,61868.0000305176
0,4030,38873.00109863279
0,3680,60014.9993896484
0,4290,69169.0006256104
0,4190,68090.0001525879
0,2380,64180.000305175796
1,4270,73284.9998474121
1,4380,68288.0001068115
1,4140,79121.9997406006
0,4260,85510.9996795654
1,4440,78326.9996643066
1,4490,91802.00004577637
1,3800,89272.9997634888
1,1650,87083.9996337891
0,4440,91371.000289917
1,4390,79513.00048828119
1,4200,84697.9999542236
0,4310,84092.0000076294
0,4270,88736.0000610352
1,2220,74104.0000915527
1,3290,79305.0003051758
1,4340,65249.0005493164
1,4250,41203.9985656738
1,4140,51145.0004577637
1,3990,66083.0001831055
1,3980,63564.998626709
1,3670,90128.999710083
1,4470,58115.0016784668
0,4400,69042.9992675781
0,4370,-9763.999938965004
0,4460,-8003.997802733997
1,4340,-4555.999755858997
1,3510,27835.998535156206
1,4200,73438.9991760254
1,4320,56132.999420165994
1,4110,44826.999664306604
1,2810,55370.998382568396
1,4370,68618.9994812012
1,2900,-16278.99932861299
1,3370,-78412.002563477
1,3550,-29889.00756835901
1,3890,86446.9995498657
1,3490,74455.9993743896
1,2620,60049.999237060496
1,2500,63084.99908447271
0,3570,62005.0010681152
1,4220,40256.9999694824
0,4350,29244.00329589841
0,4280,94521.99983596802
0,4220,64992.000579834
0,4430,90114.00032043457
1,4370,73507.999420166
0,4470,65162.9981994629
1,2310,94218.9998626709
0,2400,89406.0001373291
0,2050,76367.000579834
0,3540,59534.9998474121
0,3610,65546.0014343262
0,4270,79082.0007324219
0,4400,80937.9997253418
1,1440,23146.003723144502
0,3500,40492.000579834006
1,4360,53021.999359130896
1,4380,85595.9997177124
0,3610,89557.0001602173
1,3340,69031.0001373291
1,2780,42556.999206543
0,1230,71454.9999237061
0,1740,48640.998840332
1,1130,46701.999664306604
1,1030,83201.9996643066
0,2960,-48817.993164062995
0,4050,45105.9989929199
1,2840,45033.0009460449
1,4020,41536.9987487793
1,4100,58221.000671386704
1,3940,93395.99990844727
1,3820,89270.0004577637
1,3850,80239.9997711182
1,3830,66161.9987487793
1,4110,36955.00183105471
0,3890,60083.000183105505
0,3460,-7336.997985840004
0,4370,38080.00183105471
1,4280,39499.0005493164
1,4430,59658.0009460449
0,4270,62164.0014648437
0,4380,67876.99890136719
0,4410,94356.99987411499
0,4150,87116.0001754761
1,720,74419.0006256104
0,4310,15316.0018920898
0,4430,93422.9998588562
0,4280,75913.0001068115
0,4260,77361.99951171869
0,4140,70045.9995269775
1,3880,93125
0,4460,74275.9990692139
0,3860,70502.0008087158
0,4240,59721.000671386704
0,4320,62171.00143432621
0,4380,76510.0002288818
0,3820,68966.9990539551
0,3970,67898.99826049799
0,1870,-14000.999450683987
0,1990,23822.998046875
0,1920,23430.000305175796
0,2010,41101.001739502004
0,2300,52616.0011291504
0,1220,60844.001770019495
1,3130,59166.0003662109
0,3890,74295.0000762939
0,4330,51416.0003662109
0,2410,49081.0012817383
0,3910,53248.00109863279
0,4150,60330.0018310547
0,1980,-36126.998901366984
1,1430,95244.99988555908
0,4310,43941.00189208979
1,3280,56610.0006103516
0,4210,41374.0005493164
1,4240,68599.0009307861
1,3610,81711.9998931885
1,2090,87251.9998550415
1,4080,82073.9994049072
1,4420,84112.9999160767
0,4450,67537.99819946289
0,3710,-80440.00244140599
0,2120,-36427.993774414004
1,3460,-95184.00573730501
0,2750,-34001.00708007798
0,4080,81423.999786377
1,2980,80142.9996490479
1,3120,94495.99981307983
1,4430,66660.9992980957
1,4370,80392.9996490479
1,3720,90123.9995956421
0,3790,56291.9998168945
0,4090,31966.003417968706
0,3860,50131.0005187988
0,4030,66837.00180053711
0,3950,89746.000289917
0,4180,72844.9993133545
0,3880,56876.99890136721
0,3740,37748.00109863279
1,4210,76641.0007476807
0,3840,71597.99957275389
1,2110,51383.9988708496
0,2610,65705.00183105469
0,2800,58009.9983215332
1,-2150,84199.0003585815
0,3680,81302.99949646
1,4110,76222.0001220703
0,4210,67848.9990234375
1,3740,55527.99987792971
0,4420,93497.00021743774
1,1250,25633.003234863296
1,1070,36404.9987792969
1,2390,39424.999237060496
1,1780,58700.000762939504
0,4110,77940.9999847412
0,3850,73354.0000915527
0,4280,69812.9997253418
0,4310,63792.9992675781
0,3590,50351.001739502004
0,3660,19088.996887207002
0,2940,48236.9995117187
1,1860,73771.9993591309
1,2580,79861.99951171869
0,4420,88128.0002593994
0,4020,64491.0011291504
1,3420,60922.0008850098
0,4370,67333.99963378909
0,4350,42379.001617431604
0,2690,50098.9990234375
0,3100,72549.9992370605
0,1660,68545.0000762939
1,4310,70427.0000457764
0,3690,82559.9994659424
0,4340,70913.0001068115
0,4490,87225.0003814697
1,4090,84182.0001602173
0,4250,58444.0002441406
0,4030,92222.00012207031
0,4450,84576.9996643066
1,330,44305.9997558594
1,4370,24225.997924804702
1,4110,47554.00085449221
1,3450,52566.00189208979
0,2920,36534.9998474121
0,4370,57180.9997558594
0,4240,76347.99957275389
1,3590,52544.99816894529
1,2200,60867.000579834
0,3800,13458.999633789004
1,4030,35093.00231933601
0,3820,56985.0006103516
1,4240,86890.0003433228
1,3630,89369.9998855591
0,3740,82996.00028991699
0,3790,-67024.993896484
0,3660,-57936.996459960996
0,1830,92407.00006484985
0,3830,83968.9998626709
0,2890,-43242.00439453099
1,4140,-77272.00317382801
0,1670,42238.9984130859
1,2500,6573.997497558594
1,1430,54256.0005187988
1,2540,44314.998626709006
1,1870,17967.0028686523
1,4080,48650.0015258789
1,2840,88965.0001525879
0,3850,64909.9998474121
0,3720,65554.00085449219
0,3730,7879.997253418012
1,3810,78329.0004730225
0,4230,80760.0002288818
1,3410,-16107.002258301
0,4180,64561.0008239746
1,2930,51055.9997558594
1,3390,55845.0012207031
1,2930,31194.999694824204
0,2530,89.99633789058134
0,4070,71854.9995422363
1,3830,93842.99993515015
0,3980,94027.99987792969
0,4250,72680.9997558594
0,3830,83656.0001373291
1,3630,79066.9994354248
0,3700,51316.00189208979
1,3590,37916.9998168945
0,3160,41154.9987792969
1,3780,41005.001068115205
1,4010,49169.99816894529
0,4390,83163.0001068115
0,3240,86744.0004348755
1,3910,13265.998840331988
0,3620,45194.9996948242
0,3250,-23441.001892090004
0,4420,-21415.00091552701
0,4120,78002.0008087158
0,2720,16586.9979858398
0,3450,60852.001190185496
0,2970,35848.9990234375
0,4010,85760.9996795654
0,4420,94127.99978256226
1,1530,82205.9993743896
1,-620,65480.9989929199
0,2220,53363.9984130859
0,4270,84350.9998321533
0,4360,91093.0004119873
1,4190,77729.0000915527
0,4450,75882.999420166
0,4410,73635.9996795654
1,4130,84638.9999389648
1,3490,61320.9991455078
1,4250,81240.9992218018
1,4390,67969.0017700195
0,4220,47487.99896240229
0,2530,-44576.995849609
0,1330,-51065.99426269499
0,1910,71861.99951171869
0,3380,79972.9995727539
0,4090,74356.0009002686
1,4280,16676.002502441406
0,4300,16176.002502441406
1,4020,56708.9996337891
1,2190,65191.0018920898
1,4380,81104.9995422363
0,4280,84168.999671936
0,4360,68197.9999542236
0,3930,97903.00011634827
1,3630,37433.99810791021
1,3810,79784.99984741211
1,3600,88449.9998092651
1,3100,21494.00329589841
0,3780,45474.9984741211
0,3630,27924.003601074204
1,-2380,67269.0010070801
0,1960,89369.9998855591
1,3860,29119.00329589841
1,3830,71186.0008239746
0,4360,79674.9992370605
1,810,82819.0002441406
1,3060,94931.00023269653
1,3820,78885.0002288818
1,4380,72268.9990997314
0,50,63451.000213622996
0,610,39291.9998168945
0,1100,45659.9998474121
0,3950,52574.001312255896
1,3560,63318.000793456995
1,1500,71363.000869751
0,3580,63765.998840331995
0,3670,66183.9981079102
0,3870,39945.99914550779
0,4060,-7438.003540039004
0,4110,12980.003356933594
0,4450,65946.9985961914
1,4080,88322.9999542236
0,4480,85616.9996261597
0,4390,78452.9991149902
1,4090,10893.997192382798
1,-4650,28457.000732421904
1,820,34652.9998779297
1,3410,73218.0004119873
1,2920,84399.0001678467
0,4270,25748.001098632798
1,3770,41506.9999694824
1,3640,68916.0003662109
1,3870,88262.9995346069
1,3180,74525.9990692139
0,2700,62901.0009765625
0,3230,31999.00054931639
0,2870,38667.9992675781
0,4140,72075.0007629395
0,4330,77709.9990844727
0,4240,34045.99761962889
1,3500,41209.99908447271
0,3000,61618.99948120121
0,4480,65782.0014953613
0,3560,-9474.998474120992
1,1750,65005.0010681152
0,4320,54652.0004272461
1,4150,65785.9992980957
1,4440,74406.9995880127
1,4350,45884.9983215332
1,4430,63382.999420166
0,4480,65594.0017700195
0,2950,81777.0004272461
0,3720,93868.00003051758
0,3380,35601.997375488296
0,3480,29958.000183105498
0,4200,11585.998535156206
0,4410,35974.99847412111
0,4470,2362.9989624023
0,3280,-68488.00659179702
1,1620,81906.0001373291
0,4350,91116.00017547607
1,3890,59515.998840331995
1,2500,91663.00010681152
1,1340,75677.0000457764
1,200,71722.99957275389
0,3470,69110.0006103516
0,4420,84272.0003128052
1,3420,91008.00037384033
0,4440,76768.9990997314
0,4330,85965.0001525879
1,2200,72969.9993133545
0,1830,35274.0020751953
0,2320,56742.000579834006
0,3360,89559.0000152588
0,3000,77010.0002288818
1,4260,84487.9999160767
0,4330,79160.9992980957
1,2710,-19885.00213622999
0,3480,61205.0018310547
1,4410,58786.9987487793
1,3570,58841.9990539551
1,3650,57408.0009460449
1,3930,93550.00019073486
0,3120,73261.999130249
0,4390,92744.99988555908
0,4430,92730.00001907349
0,3800,88505.9995651245
0,4430,86836.0004425049
1,4140,88739.9997711182
1,2460,74579.0004730225
1,3870,65655.9982299805
1,4420,37143.001556396506
0,2140,-17690.002441406003
1,2050,-45792.007446289004
0,3720,-14544.998168945007
0,2200,20415.0009155273
1,2340,26636.00158691399
0,4450,67839.0007019043
0,4360,64777.9998779297
0,4270,44353.000640869104
1,4340,29413.0020141602
1,3770,41085.9985351562
1,3870,22265.998840332002
1,3920,61929.0008544922
0,4340,89868.0000305176
0,2660,51699.001312255896
0,4280,29000
0,3740,61143.0015563965
0,4270,20097.000122070298
0,4430,-34595.00122070298
0,4020,-53546.005249023
0,4120,85142.0001983643
0,4470,90022.99976348877
0,4040,73680.0003051758
0,4480,80652.9998779297
0,3920,78614.0003204346
0,4490,92291.99981689453
0,4360,77158.0009460449
1,4340,79156.0001373291